-- phpMyAdmin SQL Dump
-- version 5.0.2
-- https://www.phpmyadmin.net/
--
-- Gép: 127.0.0.1
-- Létrehozás ideje: 2022. Jún 28. 19:16
-- Kiszolgáló verziója: 10.4.11-MariaDB
-- PHP verzió: 7.4.5

SET SQL_MODE = "NO_AUTO_VALUE_ON_ZERO";
START TRANSACTION;
SET time_zone = "+00:00";


/*!40101 SET @OLD_CHARACTER_SET_CLIENT=@@CHARACTER_SET_CLIENT */;
/*!40101 SET @OLD_CHARACTER_SET_RESULTS=@@CHARACTER_SET_RESULTS */;
/*!40101 SET @OLD_COLLATION_CONNECTION=@@COLLATION_CONNECTION */;
/*!40101 SET NAMES utf8mb4 */;

--
-- Adatbázis: `receptkonyv`
--
CREATE DATABASE IF NOT EXISTS `receptkonyv` DEFAULT CHARACTER SET utf8 COLLATE utf8_hungarian_ci;
USE `receptkonyv`;

-- --------------------------------------------------------

--
-- Tábla szerkezet ehhez a táblához `alkategoria`
--

DROP TABLE IF EXISTS `alkategoria`;
CREATE TABLE `alkategoria` (
  `id` int(11) NOT NULL,
  `alkategoria` varchar(30) COLLATE utf8_hungarian_ci NOT NULL
) ENGINE=InnoDB DEFAULT CHARSET=utf8 COLLATE=utf8_hungarian_ci;

--
-- A tábla adatainak kiíratása `alkategoria`
--

INSERT INTO `alkategoria` (`id`, `alkategoria`) VALUES
(1, 'HÚSSAL KÉSZÜLT LEVESEK'),
(2, 'ZÖLDSÉGLEVESEK'),
(3, 'GYÜMÖLCSLEVESEK'),
(4, 'KRÉMLEVESEK'),
(5, 'HÚSOS ELŐÉTELEK'),
(6, 'GYÜMÖLCSÖS ELŐÉTELEK'),
(7, 'ZÖLDSÉGES ELŐÉTELEK'),
(8, 'SZÁRNYASÉTELEK'),
(9, 'SERTÉSHÚSOS ÉTELEK'),
(10, 'HALÉTELEK'),
(12, 'TÉSZTAÉTELEK'),
(13, 'SALÁTÁK'),
(14, 'GYÜMÖLCSSALÁTÁK'),
(15, 'TÉSZTASALÁTÁK');

-- --------------------------------------------------------

--
-- Tábla szerkezet ehhez a táblához `etelek`
--

DROP TABLE IF EXISTS `etelek`;
CREATE TABLE `etelek` (
  `id` int(11) NOT NULL,
  `etel` text COLLATE utf8_hungarian_ci NOT NULL,
  `hozzavalok` text COLLATE utf8_hungarian_ci NOT NULL,
  `elkeszites` text COLLATE utf8_hungarian_ci NOT NULL,
  `kategoriaid` text COLLATE utf8_hungarian_ci NOT NULL,
  `kep` text COLLATE utf8_hungarian_ci NOT NULL,
  `alkategoriaid` text COLLATE utf8_hungarian_ci NOT NULL
) ENGINE=InnoDB DEFAULT CHARSET=utf8 COLLATE=utf8_hungarian_ci;

--
-- A tábla adatainak kiíratása `etelek`
--

INSERT INTO `etelek` (`id`, `etel`, `hozzavalok`, `elkeszites`, `kategoriaid`, `kep`, `alkategoriaid`) VALUES
(1, 'TAVASZI HIDEGTÁL', 'A kacsamell sülthöz:\r\n2db	kacsamell	\r\nsó	\r\nbors	\r\nAz aszalt paradicsomos sonkatekercshez:\r\n10dkg	serrano sonka	\r\n20dkg	feta sajt	\r\n10dkg	aszalt  paradicsom olajban	\r\nA mustáros töltött tojáshoz:\r\n4db	tojás	\r\n2ek	magos mustár	\r\nsó	\r\nbors	\r\npár	csepp chili szósz	\r\nA franciasalátához:\r\n40dkg	francia zöldségkeverék kiolvasztva	\r\n2db	alma	\r\n4db	csemege uborka	\r\n6ek	majonéz	\r\n2ek	mézes mustár	\r\npár	csepp citromlé	\r\nsó	\r\nbors	\r\nHideg hozzávalók a hidegtálhoz:\r\n1dl	olívaolaj	\r\n1csok	retek	\r\n10dkg	rukkola	\r\n10dkg	olívabogyó	\r\n10dkg	koktél paradicsom	\r\n10dkg	mozzarella golyó	', 'Előkészítés 30 perc alatt:\r\n\r\nA kacsamelleket sózzuk, borsozzuk, majd serpenyőben megsütjük 10-10 percig oldalanként, majd melegen befolpackozzuk és hűtőbe tesszük.\r\nA sonkatekercshez a fetát és az apróra vágott aszalt paradicsomot összekeverjük egy villával. Betöltjük vele a sonkaszeleteket és feltekerjük őket.\r\nA tojásokat 10 percig főzzük, megpucoljuk és egy egész tojásból, a többi tojás sárgájából és az ízesítőkkel krémet készítünk.\r\nA franciasalátához a zöldségmixet kilvasztjuk, az almát és a csemege uborkát felkockázzuk, majd az ízesítőkkel összekeverjük és a hűtőbe tesszük felhasználásig.\r\nBefejezés 30 perc:\r\n\r\nEgy tálra halmozzuk a franciasalátát, felszeljük rá a kacsamellet és olívaolajjal meglocsoljuk. A tálra tesszük sonkatekercseket és a hideg hozzávalókat is. ', '1', 'hidegtal.jpg', '5'),
(2, 'STEFÁNIA VAGDALT', '4db	tojás	\r\n1fej	vöröshagyma	\r\n2gerezd	fokhagyma	\r\nolaj (vagy zsír)	\r\n0.5kg	darált sertés hús	\r\n2db	szikkadt zsemle	\r\nsó	\r\nbors	\r\nfűszerpaprika	\r\nkevés	zsemlemorzsa	', 'A Stefánia vagdalthoz 3 db tojást keményre főzünk, megpucolunk.\r\nA hagymákat nagyon apróra vágjuk, lehet késes aprítóval is. Egy kevés olajon/zsíron lepirítjuk, majd félretesszük hűlni.\r\nEgy nagyobb tálban alaposan összekeverjük a darált húst, a vízbe áztatott és alaposan kifacsart zsömléket, valamint a lepirított hagymát is. Ez akár hosszú percekig is eltarthat, ne spóroljunk a kézimunkával.\r\nSózzuk, borsozzuk, fűszerezzük még pirospaprikával, hozzáütjük a maradék tojást és nagyon alaposan összedolgozzuk, szinte krémesre.\r\nA 15x10x8 cm-es formát olajjal kikenjük és zsemlemorzsával megszórjuk. Így könnyen kiborul majd belőle a vagdalt. A formát félig megtöltjük a húsmasszával, elegyengetjük, ezután végigrakjuk hosszában, középen a főtt tojásokkal, majd beterítjük a maradék masszával és simára egyengetjük a tetejét egy késsel.\r\nLefedjük alufóliával és 190 fokon légkeverésen kb. 60 perc alatt készre sütjük. Hagyjuk hűlni és csak utána borítjuk ki. Szeletelve tálaljuk.', '1', 'vagdalt.jpg', '5'),
(3, 'LEVELES TÉSZTÁBAN SÜLT HÚSGOLYÓK', '1csom	leveles tészta	\r\n6ek	paradicsomszósz	\r\n10dkg	sajt	\r\nfriss bazsalikom	\r\n30dkg	darált hús	\r\n1db	vöröshagyma	\r\n1gerezd	fokhagyma	\r\nfriss petrezselyem	\r\nsó	\r\nbors	\r\n10dkg	feta sajt	\r\n1db	tojás', 'A leveles tésztában sült húsgolyókhoz a leveles tésztát hosszában félbevágjuk. Megkenjük paradicsomszósszal, megszórjuk reszelt sajttal, majd néhány levél bazsalikommal. Óvatosan feltekerjük a tésztákat.\r\nA darált húshoz hozzáadjuk a felaprított vöröshagymát és fokhagymát, megszórjuk friss, apróra vágott petrezselyemmel, majd sózzuk, borsozzuk. Hozzáadjuk a feta sajtot is, majd kis golyókat formázunk a masszából.\r\n4-4 husgolyó köré fonjuk a 2 tésztát, majd nyársra tűzzűk őket. Lekenjük a tetejét tojással, majd 180 fokon 35-40 percig sütjük őket.', '1', 'husgolyo.jpg', '5'),
(4, 'KÖRTÉS CAMEMBERT TÉSZTABATYUBAN', '1csom	konyhakész leveles tészta	\r\n2csom	camembert	\r\n2db	körte	\r\n4tk	barna cukor	\r\n1db	tojás', 'A tésztát tekerjük ki, és vágjuk fel két egyforma darabra. Tegyünk rájuk egy-egy sajtot. A körtéket mossuk meg, magozzuk ki, majd vágjuk fel cikkekre, és rendezzük el azokat a sajtokon.\r\nMeghintjük a gyümölcsöt a barna cukorral, azután ráhajtjuk a tésztaszéleket, és kissé összenyomkodjuk azokat. \r\nA sajtos batyukat sütőpapírral bélelt tepsibe sorakoztatjuk, megkenjük a tetejüket az elhabart tojással, és 175 fokra előmelegített sütőben 20-25 perc alatt aranyszínűre sütjük. Végül kivesszük, és 10 perc pihentetés után tálaljuk.', '1', 'kortescamembert.jpg', '6'),
(5, 'EGYÉJSZAKÁS ZABKÁSÁK (BANÁNOS-MANDULÁS ÉS BARACKOS-CSOKIS)', 'A barackos-csokoládés zabkása:\r\n4-5 ek apró szemű zabpehely\r\n1 ek chia mag\r\n1 dl tej\r\n10 dkg görög joghurt\r\n2 ek sargabarcklekvár\r\n1 tk kakaópor\r\n3 db sárgabarack\r\nreszelt étcsokoládé\r\nA banános-mandulás zabkása:\r\n4-5 ek apró szemű zabpehely\r\n1 ek chia mag\r\n1 dl tej\r\n10 dkg görög joghurt\r\n2 ek méz\r\negy marék tört mandula\r\n1-2 db banán\r\n', 'Előkészítünk 2 db kisebb csatos befőttesüveget. A barackos-csokis zabkásához először a zabpelyhünk felét az üvegbe önjtük, majd rászórjuka chia magot és összekeverjük.\r\nRáöntjük a tejet, majd az apróra vágott sárgabarck felét. A barackra rákanalazzuk a görög joghurtot, a joghurtra a lekvárt,  majd a barack másik felét, és meghintjük a lereszelt étcsokoládéval, lezárjuk az üveget, és egy éjszakára a hűtőbe tesszük. Másnap reggel fogyasztjuk, de felmelegítve is isteni!\r\nA banános-mandulás zabkásához a zabpelyhünk felét ugyanígy az üvegbe önjtük, majd rászórjuka chia magot és összekeverjük.\r\nRáöntjük a tejet, megszórjuk a durvára tört mandulával, majd felkarikázott banán következik. Rákanalazzuk a joghurtot, megcsorgatjuk mézzel, és újra banánkarikák és mandula következik. Lezárjuk az üveget, és egy éjszakára a hűtőbe tesszük, másnap reggel hidegen vagy felmelegítve fogyasztjuk.', '1', 'zabkasa.jpg', '6'),
(6, 'ALMAKARIKÁK TÉSZTABUNDÁBAN', '3db	savanykás alma	\r\n10dkg	liszt	\r\n2.5dkg	kristálycukor	\r\n1dl	tej	\r\n1db	tojás	\r\n1csip	só	\r\n20dkg	vaj	\r\n3ek	porcukor', 'A meghámozott almák magházát kiszúrjuk, majd a húsukat kb. 1 cm vastag karikákra vágjuk.\r\nA bundázáshoz egy tálban sűrű masszát keverünk a lisztből, a cukorból, a tejből, a tojásból és a sóból. A sütéshez egy serpenyőben felhevítjük a vajat.\r\nAz almakarikákat egyenként a tésztamasszába mártjuk. Lecsepegtetjük, és a serpenyőbe tesszük. Több adagban mindkét oldalukat aranybarnára sütjük 2-2 perc alatt. Végül konyhai papírtörlőn lecsepegtetjük őket, és megszórjuk egy kevés porcukorral.', '1', 'almakarika.jpg', '6'),
(7, 'SAJTOS PALACSINTA MARADÉK KRUMPLIPÜRÉBŐL', '60dkg	maradék krumplipüré	\r\n7dkg	sajt	\r\n2ek	zöldhagyma + a díszítéshez	\r\n1db	tojás	\r\n10dkg	búzaliszt	\r\nétolaj a sütéshez	\r\nsó	\r\ntejföl a tálaláshoz', 'A sajtos palacsintához egy nagy tálban alaposan összekeverjük a maradék krumplipürét, a lereszelt sajtot, a felaprított zöldhagymát, a tojást és a liszt felét.\r\nElosztjuk 12 adagra, és mindegyikből golyókat formázunk, majd kb. másfél cm vastag palacsintává lapítjuk. A maradék lisztben óvatosan megforgatjuk a palacsintákat.\r\nEgy nagy serpenyőben közepes hőmérsékletre melegítjük az olajat, majd a palacsinták mindkét oldalát kb. 3-4 perc alatt aranybarnára sütjük. A kész palacsintákat konyhai papírtörlővel bélelt tányérra tesszük, és azonnal megsózzuk.\r\nA krumplis palacsintákat tejföllel tálaljuk, és egy kevés aprított zöldhagymával díszítjük.', '1', 'sajtospalacsinta.jpg', '7'),
(8, 'SAJTOS-PARADICSOMOS PITE', 'A tésztához:\r\n30dkg	liszt	\r\n18dkg	vaj	\r\n0.5mk	só	\r\n4g	élesztő	\r\n2db	tojássárgája	\r\n0.3dl	tejszín	\r\nA töltelékhez:\r\n1db	tojás	\r\n15dkg	ricotta sajt	\r\n15dkg	snidlinges sajtkrém	\r\nsó	\r\nbors	\r\n7.5dkg	reszelt parmezán sajt	\r\n25dkg	koktél paradicsom	\r\n1csok	metélőhagyma', 'A tészta hozzávalóit egy tálba tesszük és összedolgozzuk. Lisztezett felületen kinyújtjuk akkorára, hogy teljesen kitöltse a piteformánkat. Belerakjuk a piteformába, és szépen belenyomkodjuk.\r\nA leeső, felesleges széleket levágjuk, rakunk bele egy-két réteg alufóliát, és babot szórunk bele. 180 fokra előmelegített sütőben kb. 7-8 percig sütjük, majd a nehezék nélkül további 3-5 percig.\r\nA töltelékhez egy tálban kihabosítjuk a tojást, majd hozzáadjuk a ricottát, a krémsajtot, sót, borsot és a parmezán felét. A keveréket beletöltjük a pitébe. A tetejére friss, félbevágott paradicsomot teszünk. Megszórjuk a maradék parmezán sajttal.\r\nBetesszük sülni körülbelül 20 percre a 180 fokos sütőbe. Ha elkészült, friss metélőhagymával díszítjük.', '1', 'paradicsomospite.jpg', '7'),
(9, 'KASZINÓTOJÁS FRANCIASALÁTÁVAL', 'A besamelhez:\r\n2dkg	vaj	\r\n2ek	liszt	\r\n2dl	tej	\r\nA kaszinótojáshoz:\r\n8db	tojás	\r\n1mk	mustár	\r\n1mk	só	\r\n0.5mk	őrölt fekete bors	\r\n1mk	porcukor	\r\n2mk	citromlé	\r\nA tartárhoz:\r\n2db	tojássárgája	\r\n1.5dl	olaj	\r\n1mk	mustár	\r\n2ek	tejföl	\r\n2ek	száraz fehérbor	\r\n1mk	porcukor	\r\n1csip	só	\r\n1csip	fehérbors	\r\nA francia salátához:\r\n25dkg	francia saláta keverék	\r\nsó	\r\n1ek	vaj	\r\n1db	alma	\r\n10dkg	apró ecetes uborka	\r\nAz aszpikhoz:\r\n4dkg	zselatinpor	\r\n4dl	húsleves alaplé	\r\n1db	tojásfehérje', 'A besamelhez felhevítjük a vajat, beletesszük a lisztet, elkeverjük, és amikor halvány színt kap, levesszük a tűzről, felöntjük a tejjel, és simára keverjük.\r\nA tojásokat megfőzzük, félbevágjuk, a sárgájukat a basamel felével együtt áttörjük. Mustárral, sóval, borssal, porcukorral és citromlével ízesítjük. A masszát csillagcsöves nyomózsákba kanalazzuk, és megtöltjük a tojásokat, majd hűtőbe tesszük.\r\nEgy tálban csomómentesre keverjük a tartármártás hozzávalóit, majd a hűtőbe tesszük.\r\nA franciasaláta-keveréket sós vízben megfőzzük, leszűrjük, majd vajon kb. 4 percig pároljuk, majd kihűtjük. Hozzáadjuk a felaprított almát, a savanyú uborkát és a tartármártás felét.\r\nAz aszpikhoz a zselatinport 1 dl alaplébe áztatjuk, és ha felolvadt, a maradék leveshez adjuk, és kis lángon 2-3 percig főzzük. A tojásfehérjét félig felverjük, elkeverjük 1/2 dl hideg vízzel, majd belemerünk egy keveset a forró aszpikos levesből. Végül a többihez öntjük, felforraljuk, majd keverés nélkül alacsony lángon 10 percig főzzük. Lehúzzuk a tűzről, 15 percig pihentetjük, leszedjük a habját, majd átszűrjük. A kihűlt, de még folyékony aszpik 2/3-át lassan kevergetve a maradék tartármártásba csorgatjuk. Mielőtt megkötne, minden egyes tojásra kb. 1-2 ek aszpikos tartármártást öntünk, és a hűtőbe tesszük.\r\nVégül a hideg tojásokat egy kissé felolvasztott, de nem tűzforró aszpikkal átkenjük, hogy fényes legyen. Ismét dermesztjük, majd kiszúróval vagy késsel körbevágjuk és a francia salátára helyezzük. A tetejüket a maradék tojáskrémmel díszítjük.', '1', 'kaszinotojas.jpg', '7'),
(10, 'JÓKAI BABLEVES', '40dkg	füstölt tarja	\r\n30dkg	tarkabab	\r\n2db	babérlevél	\r\n2gerezd	fokhagyma	\r\n1db	 sárgarépa	\r\n0.5db	zeller	\r\n0.5db	karalábé	\r\n1db	petrezselyemgyökér	\r\n25dkg	füstölt kolbász	\r\nA csipetkéhez:\r\n10dkg	liszt	\r\n1db	tojás	\r\nsó	\r\n1ek	zsír	\r\n1fej	hagyma	\r\n2ek	liszt	\r\n2mk	pirospaprika	\r\n2dl	tejföl	\r\nsó	\r\nbors', 'A Jókai bableveshez a száraz babot a főzést megelőző este beáztatjuk.\r\nA füstölt tarját egyben, fedő alatt feltesszük főni annyi vízben, hogy jól ellepje. Nem sózzuk meg, mert a füstölt hús sós. Amikor már belemegy a villa, beletesszük a beáztatott babot, a babérlevelet, a tisztított, feldarabolt sárgarépát, zellert, karalábét, petrezselymet és a karikára vágott kolbászt. Lassú tűzön fedővel lefedve főzzük.\r\nKözben elkészítjük a csipetkét. A lisztet összegyúrjuk a tojással, sóval. Amikor a bab már majdnem puha (addig megfőnek a zöldségek és a kolbász is), lisztezett tálcára csipegetjük a tésztát, majd együtt főzzük tovább. \r\nAmikor már minden puhára főtt a bablevesben, a húst kivesszük. A zsíron félig megpirítjuk az apróra vágott hagymát, hozzászórjuk a lisztet, majd a zúzott fokhagymát, és együtt készre pirítjuk.\r\nAz elkészült rántást levesszük a tűzről, hozzákeverjük a pirospaprikát, felengedjük hideg vízzel és a leveshez öntjük. A tejfölt felhígítjuk a levessel, majd azt is a leveshez öntjük. Ekkor állítjuk be a leves sűrűségét: annyi vizet öntünk még hozzá, hogy az jó állaga legyen, ne túl híg, de ne is túl sűrű. Ha kell, megsózzuk és jól összeforraljuk.\r\nA füstölt tarját a leves mellett vagy után tormával, mustárral fogyaszthatjuk.', '2', 'bableves.jpg', '1'),
(11, 'GULYÁSLEVES BOGRÁCSBAN', 'A leveshez:\r\n60dkg	marhanyak	\r\n30dkg	vöröshagyma	\r\n2db	 sárgarépa	\r\n1db	fehérrépa	\r\n0.5db	zeller	\r\n40dkg	krumpli	\r\n3ek	fűszerpaprika	\r\n0.5ek	csípős fűszerpaprika	\r\nsó	\r\nbors	\r\nőrölt kömény	\r\n1db	 paradicsom	\r\n1db	paprika	\r\n5gerezd	fokhagyma	\r\n2ek	zsír	\r\n2.5l	víz	\r\nA csipetkéhez:\r\n1db	tojás	\r\n8dkg	liszt	\r\n1csip	só	', 'A marhát megtisztítjuk és felkockázzuk, a hagymát és a fokhagymát megpucoljuk és felaprítjuk, a burgonyát, sárgarépát, fehérrépát és zellert megpucoljuk és feldaraboljuk, a paprikát és paradicsomot apró kockákra vágjuk.\r\nZsíron üvegesre pirítjuk a hagymát, majd hozzáadjuk a húst és fehéredésig pirítjuk.\r\nSózzuk, borsozzuk, köményezzük, fűszerpaprikázzuk, hozzáadjuk a paprikát és paradicsomot is, majd erős tűzön szakaszosan pároljuk, folyamatosan kavargatva, vízzel öntögetve, ameddig meg nem puhul a hús.\r\nAmeddig párolódik a hús, addig a csipetkéhez mindent összegyúrunk és konyharuhára csipkedjük a tésztát, had szikkadjon a napon kicsit.\r\nHa a hús puha, akkor hozzáadjuk a gyökérzöldségeket és a maradék vízzel felöntjük, sózzuk.\r\nAmikor megpuhultak a zöldségek, akkor a csipetkét és a fokhagymát hozzáadjuk, majd 10 perc alatt készre főzzük. ', '2', 'gulyasleves.jpg', '1'),
(12, 'TÁRKONYOS PALÓCLEVES', '1db	vöröshagyma	\r\n3gerezd	fokhagyma	\r\n0.5dl	olaj	\r\n30dkg	sertéslapocka	\r\n1ek	pirospaprika	\r\n1db	zöldpaprika	\r\n1db	 paradicsom	\r\nsó	\r\nőrölt bors	\r\n2db	babérlevél	\r\n1ek	tárkony	\r\n20dkg	burgonya	\r\n30dkg	zöldbab	\r\n1csip	kömény	\r\n3dl	tejföl	\r\n2ek	liszt	\r\n1csok	petrezselyem	\r\n0.25db	citrom leve', 'A finomra aprított vöröshagymát és fokhagymát az olajon üvegesre pároljuk. Hozzáadjuk a felkockázott húst és megpirítjuk. Lehúzzuk a tűzről, megszórjuk őrölt paprikával, felöntjük egy kevés vízzel, és visszatesszük a tűzre. Hozzáadjuk a felaprított zöldpaprikát és a paradicsomot. Sóval, borssal, babérlevéllel és tárkonnyal ízesítjük. Takarék lángon, lefedve főzni kezdjük.\r\nA burgonyát megtisztítjuk és felkockázzuk. A zöldbabot ízlés szerinti darabokra vágjuk. Amikor a hús félpuha (kb. 20 perc múlva), hozzáadjuk a zöldbabot, felengedjük kb. 1,5 liter vízzel, és a köménnyel ízesítjük. Kb. 10 perc múlva hozzáadjuk a burgonyát, és teljes puhulásig főzzük.\r\nA tejfölt kikeverjük a liszttel, és hőkiegyenlítés után a leveshez adjuk. Újraforraljuk, és bőven megszórjuk felaprított friss petrezselyemmel. Végül pár csepp citromlével pikánsra ízesítjük. ', '2', 'palocleves.jpg', '1'),
(13, 'BORSÓLEVES GALUSKÁVAL', '1fej	hagyma	\r\n0.5dl	olaj	\r\n40dkg	zöldborsó	\r\nsó	\r\n1tk	pirospaprika	\r\n2db	 sárgarépa	\r\n2db	petrezselyem	\r\n1db	karalábé	\r\nételízesítő	\r\n4db	burgonya	\r\nA galuskához:\r\n10dkg	liszt	\r\n1db	tojás', 'Az apróra vágott vöröshagymát kevés olajon a megdinszteljük, majd hozzáadjuk a borsót, megsózzuk és összepároljuk. Ezután megszórjuk pirospaprikával, és felöntjük vízzel.\r\nA répát, a petrezselymet és a karalábét meghámozzuk, majd apró kockákra vágjuk. Ezeket is hozzáadjuk a leveshez, ízesítjük sóval és ételízesítővel.\r\n5 percig főzzük, majd a kis kockákra vágott burgonyát is beletesszük és még 10 percig főzzük.\r\nAmeddig fő a leves, elkészítjük a galuskát. Ehhez egy tálba tesszük a lisztet, majd hozzáadjuk a tojást, pici sót és fokozatos víz hozzáadásával (0,5 dl) nokedli tésztát keverünk belőle.\r\nA galuskákat az elkészült, de még forrásban lévő levesbe szaggathatjuk. Amikor feljönnek a felszínre, főzzük még 1-2 percig. Forrón tálaljuk.', '2', 'borsoleves.jpg', '2'),
(14, 'ZÖLDSÉGES HÚSGOMBÓCLEVES', 'A húsgombócokhoz:\r\n50dkg	darált hús	\r\n0.33fej	vöröshagyma	\r\n2gerezd	fokhagyma	\r\n5dkg	zsemlemorzsa	\r\n1db	tojás	\r\nőrölt bors	\r\npirospaprika	\r\nmajoránna	\r\nsó	\r\nA leveshez:\r\n1dl	olaj	\r\n50dkg	leveszöldség	\r\n10dkg	zeller	\r\n10dkg	karalábé	\r\n2gerezd	fokhagyma	\r\nsó	\r\nőrölt bors	\r\n2ek	liszt	\r\npirospaprika	\r\nszárított lestyán	\r\nzellerzöld	\r\ntört chili	\r\n2db	húsleveskocka	\r\n1db	zöldpaprika	\r\n1db	 paradicsom	\r\npetrezselyemzöld', 'A darált húshoz hozzákeverjük a finomra aprított hagymákat. A többi hozzávalóval összedolgozzuk a húsmasszát és félretesszük, amíg a levest feltesszük.\r\nFelhevített zsiradékban az aprított zöldségeket a finomra aprított hagymákkal együtt néhány perc alatt megdinszteljük, sózzuk, borsozzuk. Meghintjük liszttel, őrölt paprikával, felengedjük kb. 2 liter vízzel. Megkeverjük, hogy a letapadt liszt feloldódjon és ne maradjon csomós. Lestyánnal, aprított zeller zöldjével, borssal, chilivel ízesítjük, beledobjuk a húsleveskockákat, a zöldpaprikát és a paradicsomot.\r\nAmint felforrt a leves, a húsmasszából vizes kézzel diónyi gombócokat formázunk, és beleengedjük a levesbe. Lassan főzzük kb. 20 percig, bőven meghintjük az aprított petrezselyemmel, és rövid pihentetés után tálalhatjuk.', '2', 'husgombocleves.jpg', '2'),
(15, 'TEJFÖLÖS-PARADICSOMOS KRUMPLILEVES', '4dkg	zsír	\r\n1fej	vöröshagyma	\r\n1mk	pirospaprika	\r\n1kg	burgonya	\r\n3ek	sűrített paradicsom	\r\nsó	\r\n2ek	liszt	\r\n2dl	tejföl	', 'Egy 2 l-es lábasban, a felolvasztott zsírban megfonnyasztjuk az összevágott hagymát, megszórjuk pirospaprikával, belerakjuk a hámozott, kockákra vágott burgonyát.\r\nFelöntjük vízzel, felforraljuk, és kb. 15 perc múlva beletesszük a sűrített paradicsomot.\r\nMegsózzuk, és ha a burgonya már puhára főtt, a tejföl és a liszt keverékéből készített habarással behabarjuk. Felforraljuk és tálaljuk. ', '2', 'krumplileves.jpg', '2'),
(16, 'TEJSZÍNES CSERESZNYELEVES', '50dkg	cseresznye	\r\n6dl	víz	\r\n4ek	cukor	\r\n1csom	vaníliás cukor	\r\n1mk	fahéj	\r\n3db	szegfűszeg	\r\n2db	citromkarika	\r\n3dl	tejszín	\r\n0.5csom	vaníliás pudingpor	', 'A cseresznyét megmossuk, kimagozzuk. Egy lábasba tesszük, majd felöntjük a vízzel. Hozzáadjuk a cukrot, a vaníliás cukrot, a fahéjat, a szegfűszeget, végül pedig a citromkarikákat és összekeverjük. Kb. 10 percig főzzük.\r\nA tejszínt simára keverjük a pudingporral, majd állandó kevergetés mellett a cseresznyéhez öntjük. Kis lángon további néhány percig főzzük, míg a leves kissé besűrűsödik. Lehűtve tálaljuk.', '2', 'cseresznyeleves.jpg', '3'),
(17, 'GYORS HIDEG GYÜMÖLCSLEVES', '1l	hideg tej	\r\n1csip	só	\r\n1dl	málnaszörp	\r\n1ek	porcukor	\r\n1csip	fahéj	\r\ngyümölcs vegyesen	\r\n2.5dl	habtejszín', 'A tejbe tesszük a sót, majd beleöntjük a szörpöt. \r\nHozzáadjuk a porcukort, a fahéjat, valamint tetszés szerint a gyümölcsöt, végül hozzákeverjük a tejszínt. ', '2', 'hideggyumileves.jpg', '3'),
(18, 'GÖRÖG ŐSZIBARACKLEVES', '1db	őszibarack konzerv	\r\n2ek	cukor	\r\n1ek	étkezési keményítő	\r\n6dl	tej	\r\n2dl	tejszín	\r\n1dl	frissen facsart narancslé	\r\n1ek	citromlé	\r\n1mk	vaníliakivonat	\r\n2db	barackos joghurt', 'A barackkonzerv levét a cukorral és a keményítővel csomómentesre keverjük, és kis tűzön besűrítjük.\r\nHozzáadjuk a felszeletelt barackot, a tejet, a tejszínt, a narancslevet, a citromlevet és a vaníliakivonatot. Folyamatos keverés mellett összefőzzük, majd levesszük a tűzről és lehűtjük. Tálalás előtt belekeverjük a barackos joghurtot. ', '2', 'barackleves.jpg', '3'),
(19, 'JOGHURTOS EPERKRÉMLEVES VILLÁMGYORSAN', '2dl	víz	\r\n1csip	só	\r\n3dkg	cukor	\r\n1ek	vaníliás cukor	\r\n50dkg	eper	\r\n1.5dl	joghurt	\r\n1dl	tejszín	\r\nA díszítéshez:\r\neperfagylalt	\r\nfriss bazsalikom', 'Az eperkrémleves elkészítéséhez a vizet a sóval és a cukrokkal felforraljuk.\r\nA pürének való, 25 dkg epret megmossuk, daraboljuk, majd a turmixgépbe tesszük az elkészült cukorsziruppal, a joghurttal és a tejszínnel együtt.\r\nLeturmixoljuk, lehűtjük és a maradék eperrel, eperfagylalttal, friss bazsalikommal tálaljuk.', '2', 'eperkremleves.jpg', '4'),
(20, 'GOMBAKRÉMLEVES PIRÍTOTT KENYÉRKOCKÁKKAL', '1dkg	szárított vargánya	\r\n1ek	olaj	\r\n50dkg	csiperkegomba	\r\n1fej	vöröshagyma	\r\nsó	\r\nbors	\r\n1ek	liszt	\r\n7.5dl	zöldséglevesalaplé	\r\n1dl	cukrozatlan habtejszín	\r\n2szelet	kenyér	\r\n0.5csok	snidling	', 'A szárított vargányát 1 dl forró vízben 10 percig áztatjuk. Egy lábasban felforrósítjuk az olajat, és megpirítjuk rajta a megtisztított, felkockázott csiperkét. Néhány kanálnyi pirított gombát félreteszük egy tálkában.\r\nA beáztatott vargányát leszűrjük, az áztatóvizet felfogjuk. A vargányát felaprítjuk, majd a pirított csiperkéhez adjuk a meghámozott, felaprított hagymával együtt. Sóval és borssal fűszerezzük a keveréket, meghintjük a liszttel, és kissé lepirítjuk. Ezután felöntjük az áztatóvízzel és az alaplével, felforraljuk, majd közepes lángon 15 percig főzzük.\r\nHozzákeverjük a tejszínt. A levest botmixerrel pürésítjük, majd egy kevés sóval és borssal ízesítjük, ha szükséges. A kenyeret megpirítjuk, majd kis kockákra vágjuk. A levest a félretett pirított gombával, a kenyérkockákkal és a leöblített, felkarikázott snidlinggel tálaljuk. ', '2', 'gombakremleves.jpg', '4'),
(21, 'ZELLERKRÉMLEVES TEJSZÍNNEL', '1db	zellergumó	\r\n2db	burgonya	\r\n1db	leveskocka	\r\n2dl	főzőtejszín	\r\nsó	\r\nőrölt bors	\r\nételízesítő	\r\nlevesgyöngy', 'A zellerkrémleveshez első lépésként megpucoljuk a zellert  és a burgonyát, majd megmossuk és kockákra vágjuk.\r\nKb. 1,5 l hideg vízzel felöntjük, majd sózzuk, és beletesszük a leveskockát. Addig főzzük, amíg a zeller meg nem puhul.\r\nAmikor a zeller megpuhult, botmixerrel összeturmixoljuk és hozzáöntjük a főzőtejszínt, majd ízlés szerint fűszerezzük az őrölt borssal és az ételízesítővel. Végül pár percre összeforraljuk az egészet. Melegen, levesgyönggyel tálaljuk! ', '2', 'zellerkremleves.jpg', '4'),
(22, 'RÁNTOTT CSIRKEMÁJ', '50dkg	csirkemáj	\r\n10dkg	liszt	\r\n15dkg	zsemlemorzsa	\r\n2db	tojás	\r\n0.5dl	tej	\r\nsó	\r\n5dl	étolaj', 'A májakat megtisztítjuk. A lisztet, a zsemlemorzsát és a tojásokat külön tálkákba tesszük. A tojást felverjük a tejjel, egy csipet sót adunk hozzá. Bepanírozzuk a csirkemájakat.\r\nEgy serpenyőbe annyi étolajat öntünk, hogy félig ellepje majd a bepanírozott májakat, és felforrósítjuk. Kisütjük benne a májakat.\r\nA kisütött májakat papírtörlőre szedjük, hasábburgonyával tálaljuk. (Tálalható bármely körettel és savanyúsággal is.) ', '3', 'csirkemaj.jpg', '8'),
(23, 'PARADICSOMOS-TEJSZÍNES CSIRKEMELL', '50dkg	csirkemellfilé	\r\n50dkg	paradicsomszósz	\r\nolívaolaj	\r\nsó	\r\nbors	\r\n2gerezd	fokhagyma	\r\n2db	babérlevél	\r\n2ek	bazsalikom	\r\n1.5dl	cukrozatlan habtejszín	\r\nfriss petrezselyem', 'A csirkemellből szeleteket vágunk.\r\nEgy nagy serpenyőben felforrósítjuk az olajat, és megpirítjuk benne a hússzeleteket.\r\nA zúzott fokhagymát a húshoz adjuk és 1 perc alatt összesütjük.\r\nHozzáöntjük a paradicsomszószt, ízesítjük sóval, borssal, babérlevéllel és a bazsalikommal.\r\nLefedve, közepes lángon főzzük, amíg a hús megpuhul, és a mártás kissé besűrűsödik.\r\nFelöntjük a tejszínnel, és pár percig forraljuk.\r\nFriss petrezselyemmel megszórva tálaljuk. Burgonya­püré, párolt rizs vagy főtt tészta illik hozzá.\r\n', '3', 'tejszinescsirkemell.jpg', '8'),
(24, 'CUKKINIS CSIRKENYÁRS', '50dkg	csirkemellfilé	\r\nsó	\r\nbors	\r\n2fej	lila hagyma	\r\n1fej	vöröshagyma	\r\n2db	kaliforniai paprika	\r\n2db	cukkini	\r\nolívaolaj	\r\nA tálaláshoz:\r\nfokhagyma	\r\ntejföl', 'A csirkemellet megmossuk, szárazra töröljük, felkockázzuk, és megsózzuk, megborsozzuk. Állni hagyjuk, amíg a zöldségeket felaprítjuk.\r\nA hagymákat megtiszítjuk, vastag szeletekre vágjuk, majd elfelezzük mindet. A paprikát és a cukkinit megmossuk, szárazra töröljük. A paprikát nagyobb kockára vágjuk, a cukkinit felkarikázzuk.\r\nA hozzávalókat felváltva sasliknyársra tűzzük, megkenjük olívaolajjal, és egy tepsi szélére sorakoztatjuk. 180 fokra előmelegített sütőben kb. 40 perc alatt készre sütjük. Fokhagymás tejföllel tálaljuk. ', '3', 'nyars.jpg', '8'),
(25, 'BAKONYI SERTÉSBORDA', '30dkg	szeletelt csontmentes karaj	\r\n5dkg	füstölt szalonna	\r\nsó	\r\nbors	\r\nkömény	\r\npirospaprika	\r\n1fej	vörös hagyma	\r\n3gerezd	fokhagyma	\r\n1db	 paradicsom	\r\n1db	TV paprika	\r\n15dkg	csiperke gomba	\r\n10dkg	tejföl	\r\n1ek	liszt', 'A bakonyi sertésborda elkészítéséhez a szalonnát felkockázzuk, a hagymákat és a gombát megpucoljuk és szeletekre vágjuk, a paprikát és paradicsomokat felkockázzuk.\r\nA karajt felszeleteljük, majd megsózzuk, megborsozzuk.\r\nA szalonnát zsírjára pirítjuk, majd a karaj mindkét oldalát megpirítjuk benne. Ha ezzel elkészültünk, kivesszük és egy tányérra tesszük. \r\nEzután a gombát is megpirítjuk, majd ezt is egy egy tányérra szedjük. \r\nA szalonnás zsírra rádobjuk a hagymát és üvegesre pirítjuk, majd hozzáadjuk a paprikát és paradicsomokat.\r\nMiután elkezd forrni, hozzáadjuk a sót, borsot, köményt és pirospaprikát, végül pedig a hússzeleteket, majd lefedve, puhára pároljuk kb. 1-1,5 óra alatt.\r\nAmikor megpuhult a hús, hozzáadjuk a gombát és a liszttel kikevert tejföllel behabarjuk. Nokedlivel tálalva az igazi!\r\n', '3', 'sertesborda.jpg', '9'),
(26, 'MÉZES-MUSTÁROS TARJA', '8szelet	tarja	\r\n3gerezd	fokhagyma	\r\n2csap ek	mustár	\r\n2csap ek	méz	\r\n1kvk	majoránna	\r\nsó	\r\nbors	\r\nőrölt kömény	\r\n60dkg	burgonya	\r\n1fej	fehér hagyma	\r\n5cl	olaj	', 'A tarjaszeleteket besózzuk, majd a zúzott fokhagymából, mustárból, mézből, majorannából, borsból és őrölt köményből készült páccal egyenletesen, vékonyan bekenjük, és 1-2 órán át állni hagyjuk.\r\nTepsibe rakjuk, 1,5 dl vízzel felöntjük, majd alufóliával lefedve 40 percig sütjük 180 fokos sütőben. Félidőnél megfordítjuk a tarjaszeleteket.\r\n40 perc letelte után az alufóliát levéve, 200 fokon sütjük tovább, mindkét oldalát szép pirosra. Ha sok víz maradt rajta, azt a pirítás előtt leöntjük.\r\nA burgonyát megtisztítjuk, felkarikázzuk, és enyhén sós vízben megfőzzük. Amikor puhára főtt, összetörjük.\r\nAz aprított hagymát 5 cl olajon lepirítjuk, ráöntjük a párolólevet. 1 percig forraljuk, majd a tört burgonyához keverjük. Együtt tálaljuk a húst a hagymás burgonyával. Kínálhatunk mellé friss zöldsalátát vagy kompótot is. ', '3', 'tarja.jpg', '9'),
(27, 'GRILLEZETT PIKÁNS SERTÉSNYÁRS', '2gerezd	fokhagyma	\r\n0.25tk	csilipor	\r\n0.5tk	őrölt fahéj	\r\n2tk	édes-nemes paprika	\r\n2ek	olívaolaj	\r\n65dkg	sertéstarja vagy sertéscomb', 'A páchoz a megtisztított fokhagymát présen átnyomjuk, majd egy tálban összekeverjük a csiliporral, a fahéjjal, a paprikával és az olajjal. A hideg vízben megmosott, leszárított húst kb. 3 cm-es kockákra vágjuk, a pácba forgatjuk és letakarva a hűtőbe tesszük legalább 30 percre.\r\nA grillt előkészítjük közepes hőfokon történő direkt sütésre. A pácból kiemelt húskockákat konyhai papírtörlőn lecsepegtetjük, és fém sasliknyársakra vagy előzőleg beáztatott fapálcikákra húzzuk. Megsózzuk, megborsozzuk, a forró rostélyra helyezzük, majd körbeforgatva sütjük kb. 10 percig. ', '3', 'sertesnyars.jpg', '9'),
(28, 'ROPOGÓS HALFALATKÁK', '7.5dkg	kukoricapehely	\r\n7.5dkg	zsemlemorzsa	\r\n60dkg	fehér húsú halfilé	\r\nsó	\r\n10dkg	liszt	\r\n1db	tojás	\r\n200ml	olaj	\r\n1gerezd	fokhagyma	\r\n5dkg	majonéz	\r\ntejföl	\r\n0.5tk	citromlé	\r\n0.5tk	mustár', 'A kukoricapelyhet nejlonzacskóba téve, sodrófával finom morzsává törjük, majd összekevejük a zsemlemorzsával. A halat megmossuk, szárazra töröljük, majd kisebb darabokra vágjuk. Enyhén megsózzuk őket, majd meghempergetjük mindet a lisztben, aztán egy villával a felvert tojásban, majd a zsemlemorzsás keverékben.\r\nAz olajat felforrósítjuk, majd kis adagokban aranyszínűre sütjük benne a halfalatkákat. Ezután mindet papírtörlőre szedjük.\r\nA meghámozott fokhagymát összezúzzuk, majd simára keverjük a majonézt pár evőkanál tejföllel, a citromlével, a mustárral és a fokhagymával. Sózzuk, borsozzuk. Sült burgonya tökéletesen illik hozzá, de akár valamilyen mártogatóssal is fogyaszthatjuk. ', '3', 'halfalatka.jpg', '10'),
(29, 'HARCSAPAPRIKÁS TÚRÓS CSUSZÁVAL', '40dkg	harcsafilé	\r\nsó	\r\nfrissen őrölt bors	\r\n12dkg	füstölt szalonna	\r\n1fej	vöröshagyma	\r\n1ek	őrölt pirospaprika	\r\n1db	lecsópaprika	\r\n1db	 paradicsom	\r\n1gerezd	fokhagyma	\r\n150ml	tejföl	\r\n25dkg	túró	\r\n25dkg	csuszatészta	\r\n2ek	napraforgó étolaj', 'A halat feldaraboljuk, alaposan besózzuk.\r\nA szalonnát apró kockákravágjuk,megsütjük, majd a pörcöket kiszedjük belőle.A halat ebben a szalonnazsírban hirtelen megsütjük. Ezután kivesszük aharcsadarabokat és félre tesszük.\r\nA szalonnazsírt egy nagyobb lábasba öntjük. A felaprított vöröshagymát megdinszteljük benne, majd kevés pirospaprikát szórunk rá. Ezután felöntjük kevés vízzel, hozzáadjuk a kockázott paradicsomot, a paprikát és a zúzott fokhagymát, beletesszük a harcsadarabokat és borssal ízesítjük.\r\nKözepesen alacsony lángon 20-25 perc alatt készrefőzzük. Ha szükséges vízzel pótoljuk az elfőtt folyadékot. A tejfölt (150 ml) hőkiegyenlítéssel hozzáadjuk a szószhoz – a meleg levesből kiveszünk egykeveset és azt elkeverjük a tejföllel, majd belekeverjük a paprikásba.\r\nA csuszatésztát lobogó sós , olajos vízben haraphatórafőzzük. Amikor kész, leszűrjük, és összekeverjük a 2 dl (250 ml) tejföllel, a túróval, és kevés sóval.\r\nA pirított szalonnát a tésztára szórjuk, és tálaljuk a harcsapaprikással. ', '3', 'harcsapaprikas.jpg', '10'),
(30, 'HALÁSZLÉ', '1kg	ponty élősúlyban	\r\n1db	burgonya	\r\n1db	vöröshagyma	\r\n1db	 paradicsom	\r\n0.5db	zöldpaprika	\r\n1.2l	víz	\r\n1.5ek	tört paprika	\r\nszódavíz	\r\nhaltej	\r\ngyufatészta	\r\nsó', 'A halászlé elkészítéséhez főzés előtt kb. 1 órával a megpucolt és szeletelt haldarabokat (1,5-2 cm szélesre vágva) megsózzuk, minden darabot külön, és állni hagyjuk. Belekerülhet a fej kettévágva és a farok is.\r\nMegpucoljuk és felvágjuk a hagymát. Megpucoljuk a burgonyát, félbevágjuk és vízbe tesszük, hogy ne barnuljon. A zöldpaprikát és a paradicsomot megmossuk.\r\nLábosba vagy bográcsba tesszük a halat, a burgonyát, a hagymát, a paradicsomot és a zöldpaprikát. \r\nRáöntjük a kimért vizet, és erős lángon forraljuk! Soha nem kevergetjük se fakanállal, se másmilyen eszközzel, mert a haldarabok összetörnek, csak a lábos vagy a bogrács forgatásával akadályozzuk meg a haldarabok odaégését.\r\nA felforrás úgy kezdődik, hogy szürkés színű hab keletkezik, majd átmegy fehér habzásba. Mikor már az egész lábos fehéren habzik, beleszórjuk a tört paprikát. Ilyenkor felhabzik, ezért vagy megfújjuk, vagy pici szódát spriccelünk rá, hogy ne fusson ki, de az erős lobogó forrás szükséges.\r\n20 perc főzés után beletesszük a haltejet és/vagy a halikrát. További 10 perc rendesen bugyogó forrás után kész. Menet közben megkóstoljuk, ha kell, utána sózunk.\r\nA csomagoláson található utasítás szerint kifőzzük a gyufatésztát, és az elkészült halászlé mellé tálaljuk. ', '3', 'halaszle.jpg', '10'),
(31, 'EGYSZERŰ LASAGNE BOLOGNESE (BESAMEL NÉLKÜL)', '	olívaolaj	\r\n1fej	hagyma	\r\n4gerezd	fokhagyma	\r\n70dkg	darált hús	\r\n2üveg	paradicsomszósz	\r\nsó	\r\nbors	\r\noregano	\r\nbazsalikom	\r\n2db	tojás	\r\n2poh	natúr joghurt	\r\nszerecsendió	\r\n10ek	parmezán	\r\n1csom	lasagne lap', 'Az olívaolajat egy serpenyőben felmelegítjük, és megpároljuk rajta a kockára vágott hagymát, majd rátesszük a zúzott fokhagymát, és pár másodperc múlva a darált húst is. Egy picit lepirítjuk, majd ráöntjük a paradicsomszószt, sózzuk, borsozzuk, ízlés szerint fűszerezzük, majd összefőzzük a ragut.\r\nA tojásokat felverjük, hozzákeverjük a joghurtot, egy kis reszelt szerecsendiót és a reszelt parmezán felét.\r\nA tepsi alját kikenjük ezzel a keverékkel, és egymás mellé fektetjük rá a tésztalapokat, amit beterítünk a húsos raguval, erre újra a joghurtos szósz jön - és így folytatjuk a rétegezést. A tetejét a raguval fejezzük be, amire ráöntjük a maradék szószt és még megszórjuk parmezánnal.\r\n180 fokra előmelegített sütőben kb. 40 percig sütjük, amíg aranybarna lesz a teteje. ', '3', 'lasagne.jpg', '12'),
(32, 'SONKÁS-PARADICSOMOS TÉSZTA', '30dkg	metélt tészta	\r\nsó	\r\n1fej	vöröshagyma	\r\n1gerezd	fokhagyma	\r\n2tk	ecetben eltett kapribogyó	\r\n20dkg	sonka	\r\n2ek	olívaolaj	\r\n2ek	sűrített paradicsom	\r\n0.25tk	őrölt rozmaring	\r\n5dkg	reszelt parmezán	\r\n10dkg	koktél paradicsom', 'A tésztát kifőzzük forró, sós vízben a csomagoláson olvasható útmutatás szerint. A főzőléből félreteszünk 2 dl-t, majd leszűrjük a tésztát.\r\nA kétféle hagymát meghámozzuk, finomra vágjuk a lecsepegtetett kapribogyóval együtt. A sonkát felkockázzuk. Felforrósítjuk az olajat, megpirítjuk rajta a hagymákat, aztán a sonkával is pár percig pirítjuk. Hozzákeverjük a sűrített paradicsomot, aztán megpirítjuk ezt is. Hozzáadjuk a kapribogyót és a főzőlét, egy csipet sót és a rozmaringot, és pár percig forraljuk. \r\nA raguba forgatjuk a tésztát, utána megszórjuk a sajttal. Félbevágott koktél paradicsomokkal tálaljuk. Petrezselyemmel és kapribogyóval vagy kaprigyümölccsel díszíthetjük.', '3', 'sonkasparadicsomosteszta.jpg', '12'),
(33, 'PARADICSOMOS-CSIRKÉS PITE', '1csom	konyhakész leveles tészta	\r\n20dkg	főtt csirkemell	\r\n10szem	koktél paradicsom	\r\n10dkg	sajt	\r\n2db	tojás	\r\n2dl	cukrozatlan habtejszín', ' konyhakész leveles tésztát kitekerjük, és egy kivajazott piteformába nyomkodjuk úgy, hogy pereme is legyen, a felesleget levágjuk, az alját villával megszúrkáljuk.\r\nFalatnyi darabokra tépkedjük a főtt csirkemellet, megmosunk néhány szem koktélparadicsomot, és negyedeljük őket. A sajtot léereszeljük, és elendezzük az előkészített alapanyagokat a tésztán, majd megszórjuk meg egy kevés szárított kakukkfűvel.\r\nHabosra keverjük a tojásokat a cukrozatlan habtejszínnel. Sózzuk, borsozzuk, majd a pitére locsoljuk, és végül 35-45 perc alatt aranybarnára sütjük a 200 fokos sütőben. Ha túl gyorsan barnulna sütés közben, letakarjuk egy darab alufóliával. Még langyosan 8 szeletre vágjuk. ', '3', 'pite.jpg', '12'),
(34, 'FŰSZERES SÜLT KRUMPLISPIRÁL JOGHURTOS MÁRTOGATÓSSAL', '6db	nagyobb krumpli	\r\nmargarin	\r\n1.5tk	paprika	\r\n1.5tk	fokhagymapor	\r\n1.5tk	hagymapor	\r\n1tk	szárított oregánó	\r\n0.5tk	cayenne-i bors	\r\n1tk	őrölt gyömbér	\r\n0.5tk	só	\r\nsnidling	\r\nA mártogatóshoz:\r\nkókuszjoghurt	\r\nsó	\r\nbors	\r\nzöldfűszerek (ízlés szerint)', 'A krumplikat egyenként felszúrjuk egy-egy nyársra, vagy  hurkapálcikára, majd elkezdjük felvágni, miközben a nyársat lassan forgatjuk, így a krumpli spirál alakú lesz.\r\nA margarint felolvasztjuk, és ecset segítségével lekenjük vele a krumplispirálokat.\r\nA fűszereket összekeverjük, és minden oldalról megszórjuk vele a krumplit.\r\nA burgonyát sütőtálcára helyezzük, a nyárssal együtt úgy, hogy az kissé elemelkedjen a tálca aljától.\r\n180 fokra előmelegített sütőben, nagyjából 30 perc alatt aranybarna sütjük. (Ízlés szerint átsüthetjük a burgonyákat akár bő olajban is, miután kivettük a sütőből.)\r\nKihúzzuk a nyársat, és melegen tálaljuk a krumplispirálokat, az ízlés szerint fűszerezett mártogatós szósszal.', '4', 'krumplispiral.png', ''),
(35, 'MAJONÉZES-TEJFÖLÖS CUKKINISALÁTA', '1db	közepes cukkini	\r\nsó	\r\n1csok	menta	\r\n2dl	tejföl	\r\n2ek	majonéz', 'A cukkinit vékonyra gyaluljuk, majd enyhén besózzuk, és rövid ideig állni hagyjuk. Amikor kieresztette a levét, alaposan kinyomkodjuk. \r\nA friss mentát apróra vágjuk (nagyjából egy maréknyit, de mindenki az ízlésének megfelelő mennyiséggel dolgozhat). A tejfölt a majonézzel simára keverjük, és hozzáadjuk az apróra felvágott mentát is.\r\nVégül az alaposan kinyomkodott, kifacsart cukkinit is összekeverjük a tejfölös-majonézes-mentás keverékkel, majd legalább egy óráig hagyjuk állni a hűtőben, hogy az ízek jól összeérjenek.', '4', 'cukkinisalata.jpg', ''),
(36, 'RIZIBIZI - ALAPRECEPT', '30dkg	rizs	\r\nolaj	\r\nsó	\r\n1gerezd	fokhagyma	\r\n10dkg	zöldborsó	\r\nvaj	\r\nbors	\r\n1csok	friss petrezselyemzöld	', 'A rizst egy kevés olajon megpirítjuk, majd kétszeres mennyiségű forrásban lévő vízzel felöntjük. Óvatosan megkeverjük, sózzuk, majd lassú tűzön, lefedve puhára főzzük . \r\nA zúzott fokhagymát és a zöldborsót egy kevés vajon megpároljuk, ízlés szerint sózzuk, borsozzuk.\r\nA megpuhult borsót összekeverjük a rizzsel, majd apróra vágott, friss petrezselyemmel tálaljuk. Sült és rántott húsokhoz, rántott sajthoz tökéletes köret.', '4', 'rizibizi.jpg', ''),
(37, 'NIZZAI SALÁTA EGYSZERŰEN', '40dkg	kisebb burgonya	\r\n3ek	olívaolaj	\r\n20dkg	ceruzabab	\r\n20dkg	olajos tonhalkonzerv	\r\n4db	tojás	\r\n1fej	jégsaláta	\r\n2db	 paradicsom	\r\n20dkg	olívabogyó	\r\n1db	zöld paprika	\r\nAz öntethez:\r\n2ek	olívaolaj	\r\n2ek	ecet	\r\n1ek	dijoni mustár	\r\n1ek	majonéz	\r\n1tk	bors	\r\n1ek	zsázsa', 'A nizzai saláta elkészítéséhez mossuk meg és negyedeljük a burgonyát, majd rakjuk tepsibe. Sózzuk meg, locsoljuk meg az olívaolajjal, és 200 fokra előmelegített sütőben süssük aranybarnára 35-40 perc alatt.\r\nA ceruzababot főzzük sós vízben 5 percig, majd csepegtessük le.\r\nA tonhalat tegyük szűrőbe. A lecsepegtetett olajához keverjük hozzá az olíva olajat, a mustárt, az ecetet, a borsot, a zsázsát. Alaposan keverjük össze.\r\nA tojásokat főzzük meg 6-7 perc alatt, majd távolítsuk el a héjat.\r\nA salátát szedjük leveleire, mossuk meg, tépjük falatnyi darabokra, majd keverjük össze a feldarabolt olívabogyóval, paradicsommal és paprikával.\r\nSzedjük tányérokra a salátát a burgonyával, a babbal, a tonhallal és a feldarabolt főtt tojással együtt. Tálaljuk az öntettel meglocsolva.', '4', 'nizzaisalata.jpg', ''),
(38, 'PETREZSELYMES ÚJBURGONYA', '50dkg	 újburgonya	\r\n2csok	petrezselyemzöld	\r\n5dkg	vaj	\r\nsó	', 'Az újburgonyát sós vízbe tesszük, hagyjuk kicsit állni benne, majd szemenként jól átdörzsöljük, hogy lejöjjön róla a héja (nem gond, ha marad rajta pici). Konyharuhára szedjük, és teljesen megszárítjuk.\r\nEgy nagyobb edényben felmelegítjük a vajat, rádobjuk a krumplit, és közepes lángon, fedő alatt pirítani kezdjük, megsózzuk, majd lassú tűzön, állandó rázogatás közben pároljuk tovább. Amikor barnulni kezd, és megpuhult, rászórjuk az apróra vágott petrezselyemzöldet. Rántott, párolt, grillezett és sült húsok, halak kiváló tavaszi körete.', '4', 'ujburgonya.jpg', ''),
(39, 'BACONBE TEKERT SÜLT KRUMPLI', '50dkg	krumpli	\r\nsó	\r\nbors	\r\nfüstölt paprika	\r\n3gerezd	fokhagyma	\r\nrozmaring	\r\nolaj	\r\n12szelet	bacon', 'A krumplit meghámozzuk, forró sós vízben 10-15 percig főzzük. \r\nA sót, borsot, füstölt paprikát, zúzott fokhagymát olajjal összekeverjük és megkenjük vele a krumplikat, majd betekerjük a baconnel.\r\nA krumplikat tűzálló tálba tesszük és 180 fokra előmelegített sütőben 20-25 percig sütjük.', '4', 'sultkrumpli.jpg', ''),
(40, 'DARÁLT HÚSSAL TÖLTÖTT GOMBAFEJEK', '12db	csiperkegomba	\r\n0.25db	kaliforniai paprika	\r\n2fej	hagyma	\r\n4ek	olívaolaj	\r\n2ek	 paradicsompüré	\r\n50dkg	darált hús	\r\n2tk	oregano	\r\nsó	\r\nbors	\r\n1dl	száraz fehérbor	\r\n2dl	zöldségleves-alaplé	\r\n1csok	petrezselyem', 'A nedves kendővel letisztogatott gombák tönkjét kitörjük és finomra aprítjuk. A megmosott és kicsumázott kaliforniai paprikát apró kockákra vágjuk. A megtisztított és felkockázott hagymát 2 ek felforrósított olajon üvegesre pároljuk.\r\nA gomba felaprított részével és a paprikával együtt pirítjuk 3 percig, majd belekeverjük a paradicsompürét. Hozzáadjuk a darált húst, és kevergetve morzsalékosra pirítjuk. Az oregánóval, valamint sóval, borssal fűszerezzük.\r\nA darált húsos masszát a gombafejekbe töltjük, és jól lenyomkodjuk. A serpenyőben visszamaradt szaftot 2 ek olívaolajjal együtt felforrósítjuk. A töltelékkel lefelé belehelyezzük a gombafejeket, és 3-4 percig sütjük. Ezután megfordítjuk, és a másik felüket is sütjük 2 percig.\r\nA töltött gombafejeket felöntjük a borral és az alaplével, majd fedő alatt, közepes tűzön pároljuk kb. 15 percig. Végül megsózzuk, megborsozzuk, és tetszés szerint megszórjuk finomra vágott petrezselyemmel. Friss bagettel fogyasztjuk.', '4', 'toltottgomba.jpg', ''),
(41, 'SONKÁS RÖSZTI', '40dkg	burgonya	\r\n2db	tojássárgája	\r\n10dkg	főtt tarja, vagy combsonka	\r\nsó	', 'A burgonyát meghámozzuk, leöblítjük, szárazra törüljük, majd durvára reszeljük. Néhány evőkanálnyit félreteszünk, a többit összedolgozzuk a tojássárgájával és a finomra aprított sonkával. Végül az egészet sózzuk és borsozzuk.\r\nA sonkás-krumplis masszából lapos fasírtokat formázunk, majd megforgatjuk mindet a félretett reszelt krumpliban.\r\nAz olajat felforrósítjuk. A rösztiket belehelyezzük és mindkét oldalukon aranyszínűre sütjük. Papírtörlőre szedjük, majd tálaláskor megszórjuk a megmosott és felkarikázott snidlinggel. Friss zöldségek, joghurtos mártogató illik hozzá.', '4', 'sonkasroszti.jpg', ''),
(42, 'KRÉMES SPENÓTFŐZELÉK', '1ek	zsiradék	\r\n3gerezd	fokhagyma	\r\n2ek	liszt	\r\n40dkg	fagyasztott spenótpüré	\r\nsó	\r\n7.5dl	tej	\r\n4db	tojás', 'Egy kevés olajon megdinszteljük a fokhagymát, majd beleszórjuk a lisztet, és világos rántást készítünk.\r\nA kiolvasztott és lecsöpögtetett spenótpürét beletesszük a rántásba, majd gyors mozdulatokkal összekeverjük. Ízés szerint sózzuk.\r\nPár perc párolás után a pürét apránként felöntjük a tejjel, és ízlés szerinti sűrűségűre főzzük a főzeléket. \r\nA tojást feltesszük forró vízbe főni, majd a forrástól számítva 10 percig keményre főzzük. A tojás héjat eltávolítjuk, a főtt tojásokat kettévágjuk és a spenótfőzelékkel tálaljuk.', '4', 'spenot.jpg', ''),
(43, 'BARACKOS-TÚRÓKRÉMES POHÁRKRÉM', '1doboz	barackkonzerv	\r\n50dkg	túró	\r\n1mk	citromhéj	\r\n2ek	citromlé	\r\n4dkg	porcukor	\r\n1csom	vaníliás cukor	\r\n2dl	tejszínhab	\r\n1csom	habfixáló	\r\nfriss bazsalikom', 'A barackos-túrókrémes pohárkrém elkészítéséhez a barackkonzerv levét egy tálba öntjük. Kb. 15 dkg barackot és 3 ek baracklevet botmixer segítségével pürésítünk, majd hozzáadjuk a túrót, a reszelt citromhéjat és citromlevet, a  porcukrot és a vaníliás cukrot, majd egy robotgép segítségével 5 perc alatt krémesre keverjük.\r\nA megmaradt barackot apró kockára vágjuk. A tejszínhabot a habfixálóval kemény habbá verjük.\r\nEzután poharakba rétegezzük a túrót, a tejszínhabot és a barackot. Bazsalikomlevelekkel díszítjük, fogyasztás előtt lehűtjük. ', '5', 'barackossuti.jpg', ''),
(44, 'MÁLNÁS POHÁRKRÉM', '35dkg	fagyasztott málna	\r\n6dkg	porcukor	\r\n20dkg	Mascarpone	\r\n25dkg	natúr görög joghurt	\r\n150ml	hideg habtejszín	\r\n10dkg	babapiskóta	\r\n150ml	tej	\r\n1tasak	vaníliás cukor	\r\n2ek	gyümölcspálinka	\r\n20dkg	friss málna', 'A málnát hagyjuk félig kiolvadni, a háromnegyedét 3 dkg porcukorral együtt konyhai aprítóba tesszük. Pürésítjük, majd hozzáforgatjuk a maradék fagyos málnát.\r\nA mascarponét simára keverjük a görög joghurttal és a maradék porcukorral. A tejszínt kemény habbá verjük, majd a mascarponés-joghurtos krémhez forgatjuk.\r\nA babapiskótákat elnegyedeljük. A tejben elkeverjük a vaníliás cukrot és a pálinkát. A piskótára locsoljuk.\r\nEgy kevés krémet négy pohárba teszünk. Ezután rákerül egy réteg piskóta, és egy adag málnapüré. Folytassuk a rétegezést úgy, hogy a tetejére krém kerüljön. Végül friss málnával díszítjük. ', '5', 'malnasuti.jpg', ''),
(45, 'EPRES TIRAMISU POHÁRKRÉM', '50dkg	Mascarpone	\r\n14dkg	cukor	\r\n2.5dl	hideg habtejszín	\r\n6dkg	porcukor	\r\n1tk	vaníliaaroma	\r\n1csom	babapiskóta	\r\n1doboz	friss eper	\r\n1ek	citromlé	\r\n2dl	víz	\r\n1ek	keményítő', 'Az epres tiramisu pohárkrém elkészítéséhez a mascarponét 4 dkg cukorral alaposan kikeverjük.\r\n\r\nA habtejszínt a porcukorral és a vaníliaaromával habosra keverjük, majd kis adagokban hozzákeverjük a mascarpone mixhez. Habzsákba töltjük a krémet, és hűtőbe tesszük felhasználásig.\r\n\r\nAz eperszósz készítéséhez az epret, a citromlevet, a maradék cukrot és vizet egy lábosban felforraljuk. Addig főzzük, amíg az eper meg nem puhul. Ekkor a levéből félreteszünk egy keveset (ebbe fogjuk majd a babapiskótákat mártogatni).\r\n\r\nA keményítőt kevés vízzel kikeverjük, majd hozzáadjuk az epres szószhoz, és beforraljuk vele. Félretesszünk hűlni.\r\n\r\nEgy babapiskótát kettétörünk, és belemártogatjuk  a félretett eperszószba, majd a pohár aljára tesszük. Erre jön egy adag a krémből, amit a habzsák segítségével nyomunk a piskótára. A krémre kerül a készre főzött eperszósz. Ezt a sorrendet ismételjük a poharunk nagyságától függően úgy, hogy a teteje majd a félretett eperszósz legyen. Friss eperszemekkel díszítjük a pohárkrémet. Egy alapos hűtés után már lehet is fogyasztani.', '5', 'epersuti.jpg', ''),
(46, 'BODZAFÁNK FAHÉJAS PORCUKORBA HEMPERGETVE', '2-3 marék bodzavirág\r\n2 db tojás\r\n1 csomag vaníliás cukor\r\n1 csipet só\r\n1,5 dl tejszín\r\n1 dl szénsavas ásványvíz\r\n15 dkg liszt\r\nA sütéshez:\r\nolaj\r\nA hempergetéshez:\r\nvaníliás cukor\r\nfahéj\r\nporcukor', 'A bodzafánkhoz a bodzavirágot alaposan megmossuk, lecspegtetjük, majd lecsipkedjük a szárról.\r\nA tojást összekeverjük a vaníliás cukorral és egy csipet sóval, majd hozzákeverjük a tejszínt és a szénsavas ásványvizet. Ezután hozzászitáljuk a lisztet, és simára keverjük a masszát. Végül belekeverjük a lecsipkedett bodzavirágot is. Sűrűbb palacsintatésztát kell kapnunk, ha szükséges, még egy kevés lisztet keverhetünk hozzá.\r\nEgy serpenyőbe öntünk bőségesen olajat, és felhevítjük. Amikor már kellően felforrósodott, egy evőkanállal kis halmokat kanalazunk bele a masszából. Kisebbre vesszük a lángot, majd többször átfordítva szép pirosra sütjük a fánkokat.\r\nA megsült fánkot papírtörlőreszedjük, hogy a felesleges olajat felszívja, majd még melegen meghempergetjük a vaníliás-fahéjas porcukorban. Az elkészült fánkot még melegen tálaljuk.', '5', 'fank.jpg', ''),
(47, 'GÖMB­PALACSINTA', 'A palacsintához:\r\n20dkg	liszt	\r\n2db	tojás	\r\n2.5dl	tej	\r\n2.5dl	ásványvíz	\r\n1tk	cukor	\r\n1csip	só	\r\n4ek	olaj	\r\nA töltelékhez:\r\n4dkg	mazsola	\r\n1.5dl	tej	\r\n15dkg	darált dió	\r\n10dkg	cukor	\r\n1ek	rum	\r\nA gömbhöz:\r\n2l	tej	\r\n1csip	só	\r\n5dkg	puha vaj	\r\nA mártáshoz:\r\n4ek	cukor	\r\n1csom	vaníliás cukor	\r\n2db	tojás	\r\n1ek	liszt	\r\n2dkg	vaj	\r\nA díszítéshez:\r\ndióbél', 'Az alapanyagokat keverjük össze, majd süssük ki a palacsintákat.\r\nA töltelékhez a mazsolát lassú tűzön főzzük fel a tejben. Adjuk hozzá a diót, a cukrot és a rumot.\r\nA gömbhöz egy nagy fazékban forraljuk fel a tejet egy csipet sóval, 3 ek-nyi kivételével. A palacsintákat a töltelékkel megkenve rétegezzük egymásra. A legfelsőt ne kenjük meg.\r\nEgy nagy konyharuhát vizezzünk be, majd kenjük meg a vajjal. Rakjuk rá palacsintatortát. A konyharuha sarkait kössük össze, akasszuk egy fakanálra. Lógassuk bele a tejbe, és főzzük készre 15 perc alatt.\r\nA tejből, amiben a palacsinta főtt, készítsük a mártást. A harmadához adjuk hozzá a kétféle cukrot. A tojássárgáját a liszttel, az olvasztott vajjal és a félretett tejjel keverjük simára. Öntsük a forró tejhez. A kemény habbá vert tojásfehérjét forgassuk bele a mártásba.\r\nA palacsintagömböt felszeletelve, a mártással leöntve kínáljuk. ', '5', 'gombpalacsinta.jpg', ''),
(48, 'GUNDEL PALACSINTA', 'A töltelékhez:\r\n10ek	darált dió	\r\n5ek	porcukor	\r\n1csom	vaníliás cukor	\r\n2ek	mazsola	\r\n1dl	rum	\r\n1dl	tejszín	\r\nA csokoládé öntethez:\r\n10dkg	étcsokoládé	\r\n2dkg	vaj	\r\n1ek	porcukor	\r\n1dl	tejszín	\r\nA tálaláshoz:\r\ndió', 'A töltelékhez a darált diót, a porcukrot, a vaníliás cukrot, a mazsolát, a rumot (vagy rumaromát) és a tejszínt egy tálba tesszük, majd alaposan összekeverjük.\r\nA csokoládét pár másodperc alatt a mikróban megovasztjuk, majd hozzáadjuk a vajat, a porcukrot és a tejszínt.\r\nA kisült palacsintákat megtöltjük a diós töltelékkel, majd mindegyiket háromszög alakúra hajtogatjuk. Végül meglocsoljuk őket a csokoládéöntettel és megszórjuk egy kevés tört dióval.', '5', 'palacsinta.jpg', ''),
(49, 'ALMÁS-CSOKIS NYALÓKA', '2db	alma	\r\n40dkg	étcsokoládé	\r\n1ek	kókuszzsír	\r\n3ek	földimogyoró	\r\nkaramellszósz (kristálycukor, felmelegített habtej	\r\nfapálcikák', 'Az almákat megmossuk és 1 cm vastag szeletekre vágjuk. A csokit megolvasztjuk és elkeverjük a kókuszzsírral, hogy fényesebb legyen.\r\nAz almaszeletek aljába beleszúrjuk a fapálcikát, és beleforgatjuk őket a csokiszószba, majd egy sütőpapírral bélelt tálcára tesszük szép sorban. Megszórjuk őket az aprított mogyoróval, és 1 órára a hűtőbe tesszük.\r\nEzután vékony sugárban meglocsoljuk a karamell szósszal is, végül pedig a mélyhűtőbe tesszük fél órára, hogy a csoki jól megdermedjen.', '5', 'nyaloka.jpg', ''),
(50, 'GYÜMÖLCSÖS KEKSZJÉGKRÉM', '25dkg	Mascarpone	\r\n2csom	vaníliás pudingpor	\r\n1dl	tej	\r\n3dl	habtejszín	\r\n10dkg	áfonya	\r\n10dkg	eper	\r\n10dkg	fehér csokoládé', 'A gyümölcsös kekszjégkrém elkészítéséhez  a mascarponét elkeverjük a vaníliás pudingporral, és a tejjel. A habtejszínt keményre verjük és hozzákeverjük a krémhez.\r\nA sütőforma aljára kekszet teszünk, rákenjük a krém egy részét, megszórjuk az áfonyával és az eperrel, erre újból rétegezzük a kekszet, a krémet, a gyümölcsöt, majd még egy réteget készítünk. A tetejére krém és gyümölcs kerül, majd minimum 4-5 órára a fagysztóba tesszük. \r\nA fehér csokoládét vízgőz felett, vagy a mikrohullámúsütőben megolvasztjuk és ezzel meglocsoljuk a kekszjégkrémet, mielőtt felvágjuk.', '5', 'kekszjegkrem.jpg', ''),
(51, 'GÖRÖGDINNYÉS JÉGKRÉM', '3.5bögre	görögdinnye	\r\n1ek	citromlé	\r\n5.5ek	cukor	\r\n1ek	csokoládépasztilla	\r\n0.5bögre	kókusztej	\r\n6db	kivi', 'A kockákra vágott, mag nélküli görögdinnyéhez hozzáadjuk a citromlevet és 2 ek cukrot, majd addig turmixoljuk, amíg pürés állagot nem kapunk. A jégkrém-formákat 2/3-ig megtöltjük, és beleszórjuk a csokit, ami a görögdinnye ehető magja lesz, majd fagyasztóba tesszük.\r\n3 óra elteltével a kókusztejet elkeverjük 2 ek cukorral. 30 perccel később kivesszük a jégkrémeket a hűtőből és vékony rétegben ráöntjük a cukros kókusztejet, majd újabb 45 percre berakjuk a jégkrémeket a fagyasztóba.\r\nA kiviket meghámozzuk, aprítóba tesszük, és a maradék cukorral turmixoljuk. Végül ezt is ráöntjük úgy, hogy egy vékony réteget képezzen a jégkrémeken. További 30 percre a mélyhűtőbe rakjuk.  ', '5', 'dinnyejegkrem.jpg', '');
INSERT INTO `etelek` (`id`, `etel`, `hozzavalok`, `elkeszites`, `kategoriaid`, `kep`, `alkategoriaid`) VALUES
(52, 'TZATZIKI', '1db	kígyóuborka	\r\nsó	\r\n2ek	olívaolaj	\r\n2gerezd	fokhagyma	\r\n50dkg	görög joghurt	\r\n1db	citrom	\r\n1csok	kapor	', 'A tzatziki saláta elkészítéséhez a megmosott és félbevágott uborkát lereszeljük, és egy tál feletti szűrőbe tesszük. Besózzuk, és néhány órát a hűtőben pihentetjük.\r\nEzután a tenyerünk között kinyomkodjuk, majd leszűrjük róla a levet. A lecsöpögött uborkát papírtörlőre szedjük.\r\nEgy nagy tálban összekeverjük az olívaolajat a zúzott fokhagymával, majd hozzáadjuk az uborkát és a görög joghurtot.\r\nÍzlés szerint citromlével és felaprított kaporral ízesítjük. Lehűtve kínáljuk. ', '6', 'tzatziki.jpg', '13'),
(53, 'TEJFÖLÖS UBORKASALÁTA RETEKKEL', '1db	kígyóuborka	\r\n1csok	retek	\r\nnéh	szál friss kapor	\r\n2dl	tejföl	\r\nsó	\r\nbors	\r\n2gerezd	fokhagyma', 'Az uborkát és a retkeket vékonyan legyaluljuk.\r\nA megmosott kaprot apróra vágjuk és belekeverjük a tejfölbe. Jöhet egy kis só, bors, és hozzákeverjük még a megtisztított, összezúzott fokhagymát is.\r\nÖsszedolgozzuk az uborkával és a retekkel, majd néhány órára hűtőbe tesszük, hogy alaposan összeérjenek az ízek. Az uborkasalátát kaporral megszórva tálaljuk.', '6', 'ubisali.jpg', '13'),
(54, 'CÉZÁR SALÁTA\r\n', '2db	tojássárgája	\r\n2tk	dijoni mustár	\r\n2db	szardellafilé	\r\n4gerezd	fokhagyma	\r\n3ek	citromlé	\r\n1ek	parmezán	\r\n1dl	olívaolaj	\r\n1tk	Worcester-szósz	\r\nsó	\r\nbors	\r\n2fej	római saláta	\r\n20dkg	koktél paradicsom	\r\n2db	csirkemellfilé	\r\n4szelet	toastkenyér	\r\n0.5dl	olaj', 'Az eredeti cézár saláta elkészítéséhez a tojások sárgáját a mustárral, a szardellafilével, a gerezd zúzott fokhagymával, a citromlével és a reszelt parmezánnal - botmixer segítségével - pürésítjük, miközben cseppenként hozzáadjuk fél deci olívaolajat. Akkor jó, ha sűrű és krémes. Worcester-szósszal, sóval és borssal ízesítjük.\r\nA saláta leveleket szétbontjuk, falatnyi darabokra tépkedjük, majd tálba tesszük. A koktélparadicsomokat félbevágjuk, és a salátához tesszük.\r\nA csirkemellet sózzuk, borsozzuk, majd 3 cl felforrósított olajon, közepes lángon pirosra sütjük.\r\nEgy másik serpenyőben felforrósítunk 2 cl olajat. A megmaradt fokhagymát megsütjük rajta, majd kivesszük az olajból a fokhagymákat.\r\nA fokhagymás zsiradékon, a serpenyőt néhányszor megrázogatva megpirítjuk a felkockázott kenyeret.\r\nA salátát és a paradicsomot tányérra tesszük. Ráhalmozzuk a pirított csirkemellet, meglocsoljuk az öntettel, meghintjük a kenyérkockákkal, és néhány parmezánforgáccsal díszítjük.', '6', 'cezarsali.jpg', '13'),
(55, 'ÉDES-FUSZERES DINNYESALÁTA', '100 ml almalé\r\n2 ek kristálycukor\r\n2 db fahéjrúd\r\n4 db csillagánizs\r\n50 dkg görögdinnye\r\n50 dkg sárgadinnye (sárga belü)\r\n50 dkg sárgadinnye (zöld belü)', 'Egy kis lábasba öntjük az almalevet a 100 ml vízzel. Hozzáadjuk a kristálycukrot, a fahéjrudakat és a csillagánizst. Felforraljuk, majd addig főzzük, míg kissé szirupos nem lesz. Ezután vegyük levesszük a tűzről, és hagyjuk kihűlni.\r\nA dinnyéket kimagozzuk, majd dinnyevájóval kis golyókat vájunk  a gyümölcshúsból, amiket egy tálba teszünk. Meglocsoljuk a fűszeres-szirupos öntettel, majd lefedjük, és betesszük a hűtőbe, hogy az ízek összeérjenek.', '6', 'dinnyesali.jpg', '14'),
(56, 'JOGHURTOS ZABPELYHES GYÜMÖLCSSALÁTA REGGELIRE', '100g	áfonya	\r\n2db	őszibarack	\r\n600ml	joghurt	\r\n50g	zabpehely	\r\nméz	\r\nagavészirup', 'Az őszibarackot mossuk meg és vágjuk apró kockákra, az áfonyát is mossuk meg, majd csepegtessük le róla a vizet. Készítsünk elő 4 nagyobb poharat.\r\n\r\nRakjuk bele rétegezve a gyümölcsöket, a joghurtot, a zabpelyhet, és minden joghurtszintet locsoljunk meg mézzel. A tetejére gyümölcs kerüljön. Fogyasztásig tároljuk a hűtőben!', '6', 'joghurtsali.jpg', '14'),
(57, 'EPRES SALSA', '30 dkg eper\r\n3 db kivi\r\n1/2 db uborka\r\n2 szál újhagyma\r\n1 ek méz\r\n1 ek citromlé\r\n1 késhegynyi fahéj\r\n1 csipet chili pehely', 'Az alapanyagokat megmossuk, majd kockákra aprítjuk.Egy tálba összevegyítjük az eper, kivi és uborka kockákat, és hozzáadjuk a hagymakarikákat is.\r\nAz öntethez kikeverjük a citromlevet és a mézet, hozzáadunk egy késhegynyi fahéjat, végül beleszórjuk a chilit.\r\nRáöntjük a gyümölcsökre, és összerázogatjuk. Fogyasztás előtt, 20-30 percig hűtőben érleljük.', '6', 'epersali.jpg', '14'),
(58, 'MAJONÉZES TÉSZTASALÁTA', '2db	 sárgarépa	\r\nsó	\r\n10dkg	zöldborsó	\r\n25dkg	szarvacska tészta	\r\n2db	piros kaliforniai paprika	\r\n30dkg	tejföl	\r\n20dkg	majonéz	\r\n3ek	mustár	\r\n1gerezd	fokhagyma	\r\ncitromlé	\r\npetrezselyem', 'Az egyszerű majonézes tésztasaláta elkészítéséhez a sárgarépát meghámozzuk, kis kockákra vágjuk. Forrásban lévő sós vízben félpuhára főzzük, leszűrjük és hagyjuk lecsepegni.\r\nA zöldborsót roppanósra főzzük, leszűrjük és hagyjuk lecsepegni. Hagyjuk őket kihűlni.\r\nA tésztát ós vízben kifőzzük a csomagoláson leírtak szerint, leszűrjük és hagyjuk kihűlni.\r\nA paprikát megmossuk, kimagozzuk, a húsát felkockázzuk.\r\nA tejfölt simára keverjük a majonézzel, a mustárral, a meghámozott, finomra vágott fokhagymával és ízesítjük 1-2 ek citromlével és egy kevés sóval. Hozzáforgatjuk a zöldségeket, a tésztát és az aprított petrezselymet. Tálalásig hűtőszekrénybe tároljuk.', '6', 'majonezessali.jpg', '15'),
(59, 'CSIRKÉS-FETÁS TÉSZTASALÁTA', 'A salátához:\r\n50dkg	Fusilli tészta	\r\n50dkg	csirkemellfilé	\r\n1tk	fokhagyma-granulátum	\r\nsó	\r\nbors	\r\n2ek	olívaolaj	\r\n4szelet	bacon	\r\n40dkg	koktél paradicsom	\r\n30dkg	friss spenót	\r\n20dkg	feta sajt	\r\n0.25fej	vöröshagyma	\r\n2ek	friss kapor	\r\nA dresszinghez:\r\n0.5dl	olívaolaj	\r\n3ek	vörösborecet	\r\n0.5ek	olasz fűszerkeverék	\r\n1gerezd	fokhagyma	\r\n1ek	mustár	\r\nsó	\r\nbors', 'A csirkés-fetás tésztasaláta elkészítéséhez a csomagoláson található utasítás szerint sós vízben megfőzzük, majd leszűrjük a tésztát.\r\nA csirkemellet megsózzuk, megborsozzuk és megszórjuk a fokhagyma-granulátummal, majd közepes lángon oldalanként 8-8 perc alatt megsütjük az olajon. Ezután 10 percig pihentetjük, majd felkockázzuk.\r\nA bacont ropogósra sütjük a visszamaradt zsiradékban, majd ha kihűlt, felaprítjuk.\r\nA dresszinghez összekeverjük az olívaolajat, a vörösborecetet, a fűszerkeveréket, az áttört fokhagymát és a mustárt, majd megsózzuk, megborsozzuk.\r\nVégül egy nagy tálban összekeverjük a tésztát, a csirkemellkockákat, a bacont, a felezett koktélparadicsomot, a spenótot, a morzsolt fetát, a finomra vágott hagymát és a kaprot, majd leöntjük a dresszinggel.', '6', 'csirkesali.jpg', '15'),
(60, 'GYORS TÉSZTASALÁTA SAJTTAL, PIRÍTOTT BACONNEL', '15dkg	bacon	\r\nolívaolaj	\r\n30dkg	durumtészta	\r\nsó	\r\njégsaláta	\r\nkoktél paradicsom	\r\n20dkg	sajt	\r\nbors	', 'A gyors tésztasaláta elkészítéséhez a bacont csíkokra vágjuk, és egy kevés olívaolajon ropogósra sütjük.\r\nA tésztát a csomagoláson található előírás szerint, lobogó, forró sós vízben kifőzzük és leszűrjük.\r\nA jégsalátát csíkokra vágjuk, a koktélparadicsomot félbe, a sajtot kisebb kockára. Bármilyen sajtot használhatunk ízlés szerint, akár többfélét is.\r\nA tésztát összekeverjük a sajttal, a baconnel és a zöldségekkel. Egy kevés olívaolajjal meglocsoljuk és borssal megszórjuk. A gyors tésztasaláta elkészítéséhez a bacont csíkokra vágjuk, és egy kevés olívaolajon ropogósra sütjük.\r\nA tésztát a csomagoláson található előírás szerint, lobogó, forró sós vízben kifőzzük és leszűrjük.\r\nA jégsalátát csíkokra vágjuk, a koktélparadicsomot félbe, a sajtot kisebb kockára. Bármilyen sajtot használhatunk ízlés szerint, akár többfélét is.\r\nA tésztát összekeverjük a sajttal, a baconnel és a zöldségekkel. Egy kevés olívaolajjal meglocsoljuk és borssal megszórjuk. A gyors tésztasaláta elkészítéséhez a bacont csíkokra vágjuk, és egy kevés olívaolajon ropogósra sütjük.\r\nA tésztát a csomagoláson található előírás szerint, lobogó, forró sós vízben kifőzzük és leszűrjük.\r\nA jégsalátát csíkokra vágjuk, a koktélparadicsomot félbe, a sajtot kisebb kockára. Bármilyen sajtot használhatunk ízlés szerint, akár többfélét is.\r\nA tésztát összekeverjük a sajttal, a baconnel és a zöldségekkel. Egy kevés olívaolajjal meglocsoljuk és borssal megszórjuk. A gyors tésztasaláta elkészítéséhez a bacont csíkokra vágjuk, és egy kevés olívaolajon ropogósra sütjük.\r\nA tésztát a csomagoláson található előírás szerint, lobogó, forró sós vízben kifőzzük és leszűrjük.\r\nA jégsalátát csíkokra vágjuk, a koktélparadicsomot félbe, a sajtot kisebb kockára. Bármilyen sajtot használhatunk ízlés szerint, akár többfélét is.\r\nA tésztát összekeverjük a sajttal, a baconnel és a zöldségekkel. Egy kevés olívaolajjal meglocsoljuk és borssal megszórjuk. A gyors tésztasaláta elkészítéséhez a bacont csíkokra vágjuk, és egy kevés olívaolajon ropogósra sütjük.\r\nA tésztát a csomagoláson található előírás szerint, lobogó, forró sós vízben kifőzzük és leszűrjük.\r\nA jégsalátát csíkokra vágjuk, a koktélparadicsomot félbe, a sajtot kisebb kockára. Bármilyen sajtot használhatunk ízlés szerint, akár többfélét is.\r\nA tésztát összekeverjük a sajttal, a baconnel és a zöldségekkel. Egy kevés olívaolajjal meglocsoljuk és borssal megszórjuk. ', '6', 'gyrossali.jpg', '15');

-- --------------------------------------------------------

--
-- Tábla szerkezet ehhez a táblához `felhasznalok`
--

DROP TABLE IF EXISTS `felhasznalok`;
CREATE TABLE `felhasznalok` (
  `id` int(11) NOT NULL,
  `felhasznalonev` varchar(50) COLLATE utf8_hungarian_ci NOT NULL,
  `jelszo` varchar(255) COLLATE utf8_hungarian_ci NOT NULL,
  `regido` datetime DEFAULT current_timestamp(),
  `jog` int(11) NOT NULL
) ENGINE=InnoDB DEFAULT CHARSET=utf8 COLLATE=utf8_hungarian_ci;

--
-- A tábla adatainak kiíratása `felhasznalok`
--

INSERT INTO `felhasznalok` (`id`, `felhasznalonev`, `jelszo`, `regido`, `jog`) VALUES
(1, 'patrik', '$2y$10$rxAenjJMR.nq4v7NWd6QOObE.X1VaX7SiV7ailjabdWPtX7Ej8Iyi', '2022-05-24 16:46:34', 1),
(2, 'pat', '$2y$10$E38d22FGPtPKAOVkhn2xE.wo4KHWPvYOWcrlgK39l.fu1CvBmLhCe', '2022-06-14 15:05:28', 2);

-- --------------------------------------------------------

--
-- Tábla szerkezet ehhez a táblához `kategoriak`
--

DROP TABLE IF EXISTS `kategoriak`;
CREATE TABLE `kategoriak` (
  `id` int(11) NOT NULL,
  `kategoria` varchar(30) COLLATE utf8_hungarian_ci NOT NULL
) ENGINE=InnoDB DEFAULT CHARSET=utf8 COLLATE=utf8_hungarian_ci;

--
-- A tábla adatainak kiíratása `kategoriak`
--

INSERT INTO `kategoriak` (`id`, `kategoria`) VALUES
(1, 'ELŐÉTELEK'),
(2, 'LEVESEK'),
(3, 'FŐÉTELEK'),
(4, 'KÖRETEK'),
(5, 'DESSZERTEK'),
(6, 'SALÁTÁK');

--
-- Indexek a kiírt táblákhoz
--

--
-- A tábla indexei `alkategoria`
--
ALTER TABLE `alkategoria`
  ADD PRIMARY KEY (`id`);

--
-- A tábla indexei `etelek`
--
ALTER TABLE `etelek`
  ADD PRIMARY KEY (`id`);

--
-- A tábla indexei `felhasznalok`
--
ALTER TABLE `felhasznalok`
  ADD PRIMARY KEY (`id`),
  ADD UNIQUE KEY `felhasznalonev` (`felhasznalonev`);

--
-- A tábla indexei `kategoriak`
--
ALTER TABLE `kategoriak`
  ADD PRIMARY KEY (`id`);

--
-- A kiírt táblák AUTO_INCREMENT értéke
--

--
-- AUTO_INCREMENT a táblához `alkategoria`
--
ALTER TABLE `alkategoria`
  MODIFY `id` int(11) NOT NULL AUTO_INCREMENT, AUTO_INCREMENT=18;

--
-- AUTO_INCREMENT a táblához `etelek`
--
ALTER TABLE `etelek`
  MODIFY `id` int(11) NOT NULL AUTO_INCREMENT, AUTO_INCREMENT=64;

--
-- AUTO_INCREMENT a táblához `felhasznalok`
--
ALTER TABLE `felhasznalok`
  MODIFY `id` int(11) NOT NULL AUTO_INCREMENT, AUTO_INCREMENT=3;

--
-- AUTO_INCREMENT a táblához `kategoriak`
--
ALTER TABLE `kategoriak`
  MODIFY `id` int(11) NOT NULL AUTO_INCREMENT, AUTO_INCREMENT=8;
COMMIT;

/*!40101 SET CHARACTER_SET_CLIENT=@OLD_CHARACTER_SET_CLIENT */;
/*!40101 SET CHARACTER_SET_RESULTS=@OLD_CHARACTER_SET_RESULTS */;
/*!40101 SET COLLATION_CONNECTION=@OLD_COLLATION_CONNECTION */;
